Review,Category,has_adverse
"""Works very well to prevent symptoms of Acute Mountain Sickness with no perceived side effects",Effective,
This actually speeds up the bodys acclimitization process and doesn't just treat the symptoms,Effective,
"""I am taking carbamazepine for seizures, but found that I was gaining a lot of weight (22 pounds in 2 months)",Adverse,
After doing much search on the web I found an article where a doctor did research on 15 patients that had weight gain on carbamazepine and found that by taking the Acetazolamide the patients were able to lose the weight they had gained and maintained the weight lost,Effective,
"Today is day 2 on the Acetazolamide and I am sick to my stomach, feeling a bit dizzy and withdrawn",Adverse,
"While the medicine works amazingly well on the headaches, my brain basically turns to mush when I'm on it and I can't function well enough to do my job or understand my school work",Adverse,
"I also have really annoying tingling feelings in my hands, feet and lips that hasn't yet gone away",Ineffective,
"""Extreme increase in high BLOOD pressure to the point that vein in my forehead enlarged & was pounding so hard it hurt & I was very frightened",Adverse,
05mg of clonazepam which minimized I'mworst of pounding/pulsing in vein in forehead directly over /above left eye,Effective,
"Did not inform me of fact that I could not take vitamins and should supplement with potassium & that sudden discontinuation of medication is NOT advisable
EXTREMELY ADVERSE & FEARFUL REACTION",Adverse,
REFUSE TO CONTINUE,Ineffective,
"""Very good",Effective,
"Headache has gone, feeling much less foggy and dizzy",Effective,
Everything's going well,Effective,
I just want everyone who's scared of taking it because of the horror stories to realise it's not bad,Effective,
"This is a mild diuretic, and as such is very safe for most people",Effective,
"The tingling is normal - apparently Vit C can help, and I've taken one this morning and had no tingling",Effective,
"I've had it 3 years now, diagnosed for 1 year, and on meds for 2 days, and I can feel a massive improvement",Effective,
Diamox is very effective to reduce the pressure in the eye but the problem is side effects,Effective,
"I had no appetite, constipation and hearing loss",Effective,
"""I was experiencing blurred vision, fatigue, loss of appetite, lack of concentration and an increased amount of severe headaches",Adverse,
After being checked for everything under the sun in blood work I was told I was fine,Effective,
About a month later the headaches and the memory and concentration issues came along with more asthma attacks,Ineffective,
He then sent me for a spinal tap which revealed I had pressure in my head double the normal,Adverse,
"I have had no appetite, consistent nausea, and I throw up on a regular basis",Adverse,
"""I was diagnosed with Pseudotumor Cerebri 2 weeks ago after experiencing blurry vision and dizziness for sometime",Adverse,
I got an eye exam done and they saw I had a swollen optic nerve,Adverse,
I noticed within about 2 days of taking the medication the blurred vision is completely gone,Effective,
This helped getting me used to the side effects so far I have the tingling in fingers and sometimes mouth,Effective,
I pee alot but am trying to lose weight so drinking lots of water and eating healthy and no pop is likely helping to,Effective,
"""I was diagnosed with pseudo tumor cerebri almost two years ago now and I've had a spinal tap done after a year of crippling painful headaches, blurred vision, bright red inflamed eyes, dizziness, the spinal tap unfortunetly went wrong and I had a spinal leakage from the high inter cranial pressure with an absolute horrible spinal headache so I had to have a blood patch then put on acetazolimide with the painful tingling sensations on my face arms and feet I couldn't sleep and I pee all night",Adverse,
"I take 1500mg of it 3 pills a day and although it's helped clear my eyes my headaches, the wind tunnel noise in my ears of the fluid is still very loud I'm totally off balance and I have forgetfulness all the time not to mention I'm always tired",Adverse,
"Although I have had tingling in my hands and feet as well as lethargy, the pressure behind my eyes has already started to go down",Effective,
My ophthalmologist was very pleased today with the optic nerve scan and said there has been decrease of pressure in both eyes,Effective,
"A little tingle here or there and a bit of sleepiness is worth saving my vision! So far, I'm a happy girl!""",Effective,
Very effective in lowering pressure but side affects were trouble some,Effective,
"It makes you very tired, contiptated, dizzy, lack if appetite, some temporary 
hearing issues in one ear",Adverse,
A few days after stopping pills everything was back to normal,Ineffective,
It definitely works but side effects this time worst of all,Adverse,
"Am dizzy and fell, pins and needles hands, feet and face",Adverse,
Nausea,Adverse,
"""Its a good medicine to decrease the Eye pressure",Effective,
"While taking this tab - depression and dark thoughts are more and I have no interest in food, and also my hands tickle like they are in water",Adverse,
"Now I've stopped the medicine, my eye pressure become normal and constant",Ineffective,
After stopping the medicine it takes a few days to decrease all the worst symptoms,Effective,
This medication has worked wonders,Effective,
"I did have tingling and numbness in my feet, finger, nose, lips but that eased off by taking Vitamin C or eating oranges, (this was recommended by my doctor and it works)",Effective,
Now the tingling and numbness are gone,Effective,
I don't know what I would have done without this medication,Effective,
"The main side effect for me is the eggy taste inmy mouth, constant loose bowels, numbness in my hands and feet and face, feeling cold, tired and week",Adverse,
My vision would go in and out for about 2-5 seconds at a time,Adverse,
"I finally seen the ophthalmologist who said my optic nerves were swollen & referred me to a neurologist who had me do an MRI, 1 spinal tap (where my pressure was so high at 44, so they relieved some of the spinal fluid down to 20), then they finally decided to put me on Acetazolamide 500mg ER",Effective,
The only cons were the metallic taste and tingling,Adverse,
"""For lowering pressure the medication is very effective, however the side effects are a nightmare",Adverse,
"I get tingling sensations everywhere, dehydration, increased urine, drowsiness",Adverse,
It doesn't help that I'm also a teenager who needs to concentrate on my studies so it's a miracle I managed to get through school recently,Effective,
"This medication, along with my lumbar puncture, has stopped my vision loss",Effective,
The side effects have been very difficult at times,Adverse,
"I have experienced all of the common side effects including loss of appetite (lost 40 pounds), tingling from hands to elbows and toes to knees, and intestinal problems",Adverse,
Brain pressure remains high but vision is saved,Effective,
"Day 2: change in taste buds, carbonated drinks taste awful, cheese is terrible",Adverse,
"Tingling in lips, face and hands",Adverse,
Moderate stomach pain,Adverse,
"Feelings of lethargy, decreased appetite, generally feel unwell",Adverse,
"""I have been taking this for a month and my blood sugar keeps dropping out",Adverse,
I feel terrible and weak all the time,Adverse,
I get numbness everywhere,Adverse,
I'm glad most of my symptoms seem to be normal as I have read yours,Effective,
The pressure in my head hasn't lessened though,Ineffective,
I call my mom nearly everyday complaining of a new pain,Adverse,
"From the horrible tingly sensation in my hands and feet, to the horrible confusion, and now extreme pain in my abdomen, I'm ready for this all to stop",Adverse,
I'm on 500 mg/daily and can't even operate my vehicle! I am always so out of it it makes finished my homework assignments difficult let alone to constant new pains I always complain about,Adverse,
"I am pretty tough but when it comes to seeing my doctor every week due to the side effects of this medication, it's not worth it",Adverse,
"She started me on diamox and it has done wonders!!! I can see at dark now and I don't have constant eye pain/pressure, neck pain or problems sleeping",Effective,
I do have numbness and tingling but it's more amusing to me than painful,Effective,
"""I've been on and off this medicine since 2006, I was told I'd be able to stop, but it has has not happened",Ineffective,
"It helps so much with the IH even with the tingling and taste issue side effects, I don't know what I'd do without it",Effective,
"""I absolutely depend on this medication",Effective,
This medicine has helped a lot so I will continue on taking it,Effective,
I do not have any negative side effects,Effective,
"I was hospitalized for 5 days after experiencing paralysis in my legs, severe headaches, nausea and visual impairment",Adverse,
I have tried to stop taking the medication but had to return to it due to the severe headaches and cranial swelling,Effective,
I have constant problems with electrolyte deficiencies and have to take additional medications to alleviate other problems,Adverse,
This is still the best treatment I have experienced,Effective,
"On the first day I experienced tingling on my feet that lasted at most 5 minutes and I woke up disorientated on whether it was 9 the same night, the next night, or the next morning",Adverse,
I already urinate frequently due to my water intake,Adverse,
My psuedotumor symptoms have disappeared though,Effective,
"At first, I felt so much better,then my dosage was increased",Ineffective,
Once my dosage was increased I started breaking out in hives (in upper body) turns out I am allergic to it,Adverse,
"""I have only been on this stuff for a couple of weeks now but it has been a miracle drug for me",Effective,
I have seen immediate relief,Effective,
My visual disturbances dropped from a few times per hour to a few times per day,Effective,
"I didn't think I had too bad of headaches before being diagnosed with PTC, but ever since I've been taking Diamox and the pressure has gone down my head feels normal again",Effective,
"As far as side effects, I have had some",Adverse,
I do get the tingles in my feet at times but it isn't too bad,Effective,
And like others I can no longer drink carbonated beverages,Ineffective,
Worth it,Effective,
"The tingling, which is everywhere, turns to sheer pain if your out in the wind",Adverse,
"By day 10 of taking the medicine, my lips started to purse on their own",Adverse,
"My kids laughed because I had ""duck face"" for several days, even after stopping the med",Effective,
"Now I'm back on it, 125mg/day, same side effects",Adverse,
Sucks,Ineffective,
"Did not help my symptoms the first time, and hasn't yet",Ineffective,
"""I have been recently diagnosed with the disease called BIH which occurs mostly in women and very young children and currently taking Diamox with annoying side effects such as pins and needles in feet, hands and lips which can last up to 2 hours at a time and be painful",Adverse,
I wake every night with interrupted sleep with a headache or temperature! I have been turned off a lot of food but mainly fizzy drinks,Adverse,
"""It works well as a diuretic",Effective,
"I was put on Diamox and my headaches or vision problems did not improve, in fact they got worse",Ineffective,
I have had more migraines since starting this than I ever did before,Ineffective,
The side effects are awful,Adverse,
"no appetite, foggy head (I am barely able to function day to day), nausea, everything you try to eat tastes AWFUL",Adverse,
"I am glad this has worked for some, but I can not continue taking it",Ineffective,
It did not kick in until the third day when I finally woke up without a headache,Adverse,
"However, after one day of the pill I have seen its side effects",Adverse,
Pepsi tasted like soapy dish water with a hint of bleach and I noticed the tingling in my lips,Adverse,
I just find that my legs fall asleep faster if I'm not moving them,Adverse,
"When my lips tingle it kind of makes me laugh, it wont freak you out",Adverse,
"My ENT (specialized in this area) first put me on another diuretic (after steroid injections and treatments which worked, but were not a good long term treatment plan) and we noticed no improvement",Effective,
"Once on Diamox (generic) my speech recognition went from 72 to 88% over 2 months! Like many of you, it wasn't long before the side effects started",Effective,
The tingling was immediate,Ineffective,
I continue to have severe headaches still same pressure on my eyes and head,Ineffective,
I can not stay awake taking this medicine,Adverse,
I get up and try to sit on couch and within 5 min I’m out,Adverse,
I can’t even walk properly because my balance is so off,Adverse,
"My massive headaches are gone, the heartbeat in my ear is gone",Effective,
"The only side effects I have are the tingling in hands and feet, sodas taste flat, my appetite is gone, and I am tired a lot",Adverse,
Numbness and tingling of hands and feet started almost immediately after 1st dose,Adverse,
"With the increase to 750mg, (500mg in am and 250mg in afternoon ) I started getting horrible knee pain in both knees",Adverse,
I still have pulsing sound in Right ear,Ineffective,
"Constant, remains unchanged",Ineffective,
Optic disks and papilledema and retinal damage due to IIH,Adverse,
Have not seen any changes or benefits due to this medication at this time,Ineffective,
The side effects are rough,Adverse,
"""Helps for spasms""",Effective,
"""My eye pressure was up in the 40s and Dr",Adverse,
"About 20 mins later I started feeling numbness all over my legs, arms, nose and upper lip",Adverse,
It was annoying but not painful,Effective,
I was needing to pee very often and was super low energy the rest of the day,Adverse,
It only slightly helped the eye pressure issue,Effective,
On all three occasions my eye pressure soared into the 60's and 70's before I started to come down 7-11 hours later,Adverse,
"My body temperature plummeted, I just shivered and could not keep warm for the first few hours",Adverse,
Within the first 24 hours my legs weakened considerably and significantly limited my capacity to walk,Adverse,
My speech and cognitive function also slowed noticeably,Adverse,
Using Diamox for over one week triggered mood changes and suicidal thoughts,Adverse,
Upon discontinuation of this my blood pressure soared to 166/110 with some fluctuations for 2weeks afterwards,Adverse,
"I had brain surgery in December, all my symptoms went away, and then I got some double vision and my eyes showed papilledema",Adverse,
I remembered the tingling and no appetite and no taste for caffeine,Adverse,
"""I absolutely hate it",Ineffective,
I was in so much pain I couldn't walk I felt weak and sick,Adverse,
But my eye sight hadn't changed,Ineffective,
I delevoped carpal tunnel on this medicine,Adverse,
And it's all the same symptoms again,Ineffective,
"They diagnosed me with what you call a fluid tumor on my brain, which causes to much pressure on my brain which then causes migraine headaches, really bad ones",Adverse,
"My pressures were great, but the side effects from this were no fun",Adverse,
"I experienced dizziness, tingling in my toes, and worst of all, my taste was off",Adverse,
The worse taste difference I noticed was in caffeinated beverages and that's what caused my to do some looking around to see what was going on,Adverse,
"I have regained most of my vision, I had lost most of",Effective,
I have an allergy to the pills so I take medication to stop the hives and itching and sometimes the pins and needles in my legs bring me to tears,Effective,
"Manufacturer and pharmacist both said NO, so now I am back on 2 caps a day; and the fluid is back! I can't take it anymore!""",Ineffective,
"""The first two weeks I had general numbness of my whole face, tried to take a sip of soda and everyone thought I was overreacting to how disgusting it tasted",Adverse,
I also had terrible pins and needles in my feet that woke me up in the middle of the night,Adverse,
That has gone away now but when they upped my dose I discovered now that I am having severe joint pain in my knees and have been unable to function regularly at my job which I was very good at before,Adverse,
"I forget stuff very easily, which I didn't know is a side effect but I saw others here stated the same",Adverse,
I still give it a 10 because despite the side effects it beats the alternative because I have not had a headache since I started the medication and my eyes get better everyday,Effective,
"""Good",Effective,
"It's only been two days, but I feel much better already",Effective,
"My foggy head feels like it's clearing, my eyes feel clearer, my headaches are minimal and I feel great",Effective,
"Yeah, I've had a bit of tingling, but it's really nothing - just like normal pins and needles, which I was getting anyway, so I can't even tell if it's this or not; even if it is, it's not distressing in the least",Effective,
"Now, I feel perfectly safe with the side effectsa",Effective,
Acetazolamide helps keeps my potassium up (along with Potassium Chloride - immediate release) to a safe level the majority of the time,Effective,
"I have chronic mild metabolic acidosis and have had one kidney stone in the past 16 yrs due to Acetazolamide, but it has been well worth the side effects",Adverse,
"""Diamox put me in remission after about six months, but it began to cause tinnitus and hearing problems",Adverse,
"My hearing is fine now, but I cannot take Diamox again if my PTC returns",Effective,
"""This drug has not helped relieve pressure, headaches or Visual Impairments in my case",Ineffective,
"My vision continues to go in and out without notice, waking up everyday with a headache and continue to have one well into the late evening before bedtime",Ineffective,
"The side effects are awful! I have lost 29lbs in THREE weeks! I am unable to hold anything down, everything tastes nasty or like I'm eating pennies",Adverse,
Constant fatigue and restlessness,Adverse,
"The prickling in the hands and toes, not to mention the constant nausea",Adverse,
It's not working for me but could for someone else,Ineffective,
For a year and a bit I was on Topamax and lost 30kg but the headaches never completely went away,Ineffective,
Now I have been put back on Diamox for almost the last two weeks and I find only sometimes will I get any tingling at all,Effective,
whereas last year when I first tried it I couldn't stand it,Adverse,
"What I find works for me is taking the tablet whilst I'm eating, keeping my fluid up (only water), soft drinks and ""bad"" foods do tend to make it worse so I try to stay away from these",Effective,
"I find Diamox really does work if you're prepared to go that extra mile!""",Effective,
"I get very bothersome tingling that doesn't go away, often waking at night with extremely painful tingling in my feet that causes me to have to get up",Adverse,
"I get crippling headaches, that hurts when I even breathe, and the last time I was on the medication, the headaches got worse while I was taking it",Adverse,
I am currently back on the medicine and have to go to the bathroom every 10 minutes,Adverse,
"""I developed a pseudo tumor over the course of a weekend",Adverse,
My intracranial hypertension onset was so fast because it was brought on by taking an extended round of tetracycline for a persistent sinus infection,Adverse,
My dosage of Diamox had been 1000mg/day but it was flushing my antidepressant out of my system too fast so it was lowered to 500mg/day,Adverse,
"The tingling went down, too",Effective,
This drugs makes my job easier,Effective,
"""I took this medicine once and the side effects are horrible",Adverse,
It decreases my potassium to the point that I felt the pressure on my head and it feels like I was about to collapse,Adverse,
My whole body started to feel numb and I was shaking and scared,Adverse,
(I was about to panic when I felt that numbness all over my body ) but I stayed calm and rested but I can still feel the tingling sensation,Adverse,
"I pee a lot , dizziness and I feel like it triggers my anxiety",Adverse,
But this medicine helped my eye pressure,Effective,
I just took this once and I will never take that again,Ineffective,
Earlier I went to my opthamologist and he is kind of shocked that I said I was about to collapse and he said that don't take that medicine because of the side effects,Adverse,
Right now I can still feel the tingling in my fingers and foot,Adverse,
"I have couple days taking this medication twice daily, and it give me some side effects",Adverse,
"gives me tingling in my fingers and toes, nausea and I also experienced dizziness but my doctor says it will go away in two weeks",Adverse,
I relapsed about a week ago and had an opening pressure of 55 after having extremely loud pulsatile tinnitus for a week,Adverse,
"I was put on 1g of Diamox and for the past week the whooshing noise has gotten much, much softer and sometimes I can't even hear it",Adverse,
I take Vitamin C to help with the tingling and have barely noticed it,Effective,
I'm thankful my body is responding well this time but it's different for everybody,Effective,
"""Without the medication, I have major headaches, sinus headaches, one eye will begin to bulge, and my head will feel like a balloon",Effective,
"With the medication, I'm good",Effective,
The first couple days I was much more tired and almost foggy minded,Adverse,
Also had to urinate much more often,Adverse,
"Than after the first couple days, my body got very used to it",Effective,
The only main symptom I have now is light tingling in my feet,Adverse,
My eye pressure was down from 39 to 28 in a weeks time,Effective,
My appetite is lessened which I am so glad about,Effective,
I am 60 lbs overweight,Adverse,
My mouth is dry and my lips are somewhat numb,Adverse,
But from everything I have read the side effects to this medication or any other would have to be really bad before I'd say I can't take this medication any more,Effective,
I pray the meds work so I do not need a shunt,Effective,
Felt the side effects within the first hour,Adverse,
"Tingling in my hands and feet, some days my face",Adverse,
There were even days when my eyes and lips would twitch,Adverse,
All carbonated drinks taste like drinking battery acid,Adverse,
"The first few weeks sucked, but it gets better with time",Effective,
"I just saw my eye specialist yesterday, 6 months of being on the miracle medicine, and the Diamox (and shedding a few pounds) has done it's job and not a trace of swelling! I'm able to come off it in a few short weeks",Effective,
I got a lumbar puncture and then started Diamox and it has been an awful experience,Adverse,
The first week and a half I was severely exhausted had nausea and the taste issue and basically wasn't functional,Adverse,
"Then for about a week or so I seemed to be getting better until a few days ago when I've been very rapidly getting new symptoms/side effects like severe joint pain, itchy scalp, and waking up with my eyelids swollen half shut and then this morning my lips where extremely swollen",Adverse,
I had to go to the ER to make sure it wasn't an allergic reaction but it seems to be just a weird reaction to the meds (not allergic),Adverse,
"""Diamox changed my life I had 24/7 pressure headache for 7 years of my life I went everywhere even to the mayo clinic and had test after test and scan after scan and finally my local neurologist tried this medication and it has made me able to live again for the first time in 7 years! I was diagnosed with chronic daily headache and told I would never get better but to everyone suffering there is hope don't believe what a few drs say keep searching for answers",Effective,
I developed a rare side effect of blurred vision/myopia which came on about an hour after the second dose of diamox,Adverse,
The myopia lasted for 72 hours after ceasing the medication,Adverse,
It almost ruined my trip but fortunately vision returned just in time to start the hike,Adverse,
No side effects but unfortunately the Dex didn't work as I got altitude sickness,Ineffective,
"""I'm 28 and I was diagnosed with Pseudotumor a little over two years now I've had a VP shunt an LP shunt and multiple lumbar punctures, I've been taking Acetazolmide and I've had no side effects so far",Effective,
"but I'm still having really bad headache's and swelling of my eyeballs, so yesterday my neurologist decided that instead of taking two pills in the morning and two pills at night, I'll start taking three pills in the morning and three pills at night",Adverse,
"""Confusion, lethargy, diarrhea, hyperchloremia, CO2 16, nausea, dizziness""",Adverse,
"All seemed well for the first two weeks, and now we are back to the beginning with headaches, swelling of the face, blurred vision and unusual tiredness",Adverse,
"It helped us both sleep, avoided getting ill and suppressed our appetites",Effective,
"We did feel some very slight dizziness/lightheadedness when we first started it, but were able to pretty much ignore it",Effective,
I highly recommend it if you will be unable to acclimate - your trip will not be spoiled by getting sick,Effective,
"""I only had side effects for the first 2 weeks",Effective,
The most annoying side effect was the tingling in my feet and knees,Adverse,
"Luckily, my hand were fine",Effective,
I also had to go pee at least 20 times a day and each time I would pee a hell lot of water,Adverse,
This was mostly disturbing when I was at work and had to get up every 30 minutes to go to the bathroom,Adverse,
My head also felt pretty light and I fell asleep easily during the day,Effective,
"""My experience with acetazolamide has been okay",Effective,
"(I got IIH because it was a rare side effect of an antibiotic I was on for my acne, minocycline) it has been VERY effective at relieving the pressure, but gives really annoying side effects, like tingling of my fingers, face, and toes",Effective,
Like when I'm trying to sleep my feet tingle and go crazy and it makes it impossible to sleep,Adverse,
It also made me have little to no appetite and I have lost 20 pounds in about 2 months,Adverse,
"I my neurologist told me that long term use of this medication can cause kidney damage, but 6 months to a year shouldn't be a worry",Adverse,
"I have lost 8 IBS being on it already, tingling in the fingers, and around my lips",Adverse,
"I no longer drink pop anymore at all, it works",Effective,
In this time I have found it a very effective drug,Effective,
One side effect I did experience was the drug Tegretol in tandem with Diamox did not allow the Diamox to work effectively,Ineffective,
This was soon discovered and Tegretol was stopped,Ineffective,
My family Dr took me off the prednisone after a few months and I gained over 100lbs,Adverse,
The Diamox caused me weird side effects,Adverse,
"My face was all ""tingling"", everything I ate or drank tasted metallic (especially if it was fruit or carbonated)",Adverse,
"Eventually the tingling started down my neck, chest, and hands/arms",Adverse,
"""I have been taking this medicine for only two weeks after being diagnosed with pseudotumor cerebri and it is awful",Adverse,
I feel like everything is getting worse,Adverse,
"Before the medication I already had the ringing in my ears, the terrible headaches, and occasionally I had numbness of my face, hands, and legs along with many other symptoms",Ineffective,
"Now since taking this medication the ring and headaches are EXACTLY the same if not worse and my feet are killing me, they are constantly ""asleep"" with the feeling of tiny thumb tack jabs all over",Ineffective,
"it's multiple times a day, walking, standing, sitting, laying down, I feel worse now than I did before",Adverse,
"""This medication saved my vision and made my headaches go away",Effective,
I have the side effects of metallic taste with fizzy drinks and some sexual dysfunction but it doesn't effect my daily life,Effective,
"""Works amazingly!""",Effective,
"""Effective, but not without side effects",Effective,
"The first month was pretty bad - my hands, feet, and legs were falling asleep and I experienced painful tingling and cramps",Adverse,
"My joints also had problems, and I had to wear a brace on my knee for a little while",Adverse,
I was more lethargic,Adverse,
Anything carbonated tasted awful,Adverse,
I couldn't drink caffeine or my whole body would feel weird and tingly,Adverse,
I also had to pee a lot during the first few weeks and was quite thirsty,Adverse,
"Over time, most of the side effects went away, and my pressure went down",Effective,
My vision problems completely went away,Effective,
"However, a new side effect appeared after about two years - tinnitus",Adverse,
Started losing my eyesight and then they found a blood clot in the main artery of my brain,Adverse,
"Once blood clot was treated still had fluid behind my eyes, headaches, foggy brain and no energy",Ineffective,
The diamox has helped the foggy brain,Effective,
"The side effects weren't bad had tingling for few days, metallic taste and drowsiness",Effective,
The drowsiness is the worst part because several other medicines I take cause drowsiness also,Adverse,
I did have pain in my joints for first two days but it went away,Effective,
I have lost 8lbs since starting it,Adverse,
"""Diamox didn't work and I hate it""",Ineffective,
"""Side effects far worse than Idiopathic Intracranial Hypertension (IIH) it's self",Adverse,
"Constantly nauseous, made no difference to headaches/pressure, suffered with slight breathing difficulties & palpitations, the tingling in hands and feet were more like cramp than tingling in the end",Adverse,
"gave me acetazolamide which got rid of the pressure, but caused these insane rashes everywhere on my legs and extreme muscle pain",Adverse,
Side effects are horrible,Adverse,
And I also have noticed more and more side effects the longer I take the meds,Adverse,
Without this medication I have seven to eight episodes weekly,Effective,
It really a is a miracle drug!!!! For the tingling sensation I take emernc it's a vitamin and immune booster,Effective,
"I also found a whole list of medications and food you can't take while taking diamox on Pinterest and as long as I stay on top of everything I feel better""",Effective,
"Yes, this caused severe abdominal and GI upset for almost the first month I was taking it and a little bit here and there",Adverse,
My ophthalmologist has seen an improvement,Effective,
The benefits that I have had with my vision and headaches has been wonderful,Effective,
"It really works, but had tingling effects in my hands and feet as well as the drowsiness/tiredness",Effective,
With the correct dosage I was able to reasonably maintain my headaches,Effective,
"The most common side effects I have are tingling in hands, face, and feet and dry mouth",Adverse,
These are tolerable side effects compared to pain off of the medication,Effective,
"My eye doctor, after a month of different testing, diagnosed me with pseudotumor cerebri and a neurologist started me on diamox and within two weeks my eye turned straight again, and the headaches and double vision were gone",Effective,
"I experienced the common tingling in my hands and feet, difficulty drinking carbonated beverages, small rashes, and lethargy from diamox, but it was all bearable after a week and within a month I am fixed",Effective,
This drug is truly a miracle for people who suffer with the effects of altitude problems,Effective,
Very few side effects that I experience,Effective,
"Tingling in your fingers and toes on occasion, little tired, but not extreme",Effective,
Carbonated drinks are strange tasting as well,Adverse,
"""Day 21 
I had completely lost my eyesight, imagine that",Adverse,
Losing 20/10 vision at 25 years old,Adverse,
"The side effects, I get a lil tingle in my feet for a minute maybe 4x a day, carbon drinks taste weird",Adverse,
The diamox dropped my pressure in both eyes to 5 which is low,Effective,
But I am regaining vision no peripheral vision yet but I am blessed to have something,Effective,
Diamox has been a wonder drug in preventing alt,Effective,
sickness on tours I've been on since Bolivia,Adverse,
Tingling and bad tasting soda symptoms are greatly reduced at that dosage compared to the 250mg I initially used,Effective,
"""I have congenital glaucoma this medication was prescribed to me in 2009 the worse medication I've ever had",Adverse,
"Tingling of the toes, fingers at times lips",Adverse,
Worse headache of my life and it's related to Diamox according to my doctor,Adverse,
The headache becomes so bad I can't think straight,Adverse,
It doesn't lower eye pressure for me in its entirety,Ineffective,
"Also, accompanied with this medication it falls down horribly on my stomach unbelievable pain as well as dizzy symptoms",Adverse,
I have tried every available option out there to treat tinnitus and nothing has worked,Ineffective,
Within 2 hours of taking diamox the ringing in my ears stopped completely and the pressure behind my eyes went away as well as headaches I've dealt with for years,Effective,
I was shocked that this medicine is working as one of the side effects was ringing in the ears but I am having the opposite effect,Effective,
"""In a pretty critical situation after cataract surgery, this drug brought it totally in line",Effective,
Side effects for me were mild though annoying,Effective,
"Of all of the side effects, a spacey feeling for about 10 minutes the first two times, and tingling fingers and toes",Adverse,
All in all worth it for short term treatment,Effective,
"""All I have to say is that this pill has made my life so much better",Effective,
"Ever since I've never been the same until now although I deal with the side effects (sleepy, muscle weakness , tiredness, tingling ) being sleepy has been the worst to cope with because I'm a mother and I have things to do BUT at least some days I'm able to function well and that's better than nothing",Effective,
"""I had swelling around my optic nerves causing vision problems and also had debilitating headaches that got worse with movement and made it impossible to exercise",Adverse,
I lived with it for years unknowingly and got progressively worse,Adverse,
I have been taking generic Diamox for 3 weeks and haven't had a single headache,Effective,
"There are 2 side effects I experience, tingling in my feet which was very bothersome but has lessened and that any beverages with carbonation taste terrible",Adverse,
Nothing ever showed on MRI's so they kept giving me migraine medicines but nothing ever worked,Ineffective,
"Once I was diagnosed and took the medicine the pressure went away, but the side effects started",Effective,
Tingling and bad tasting carbonation is something that you can deal with when the bowling ball size pressure in your brain is gone,Effective,
The worst side effect for me was the spacey and droggy-ness I felt,Adverse,
"""I felt horrible for the first two weeks after being diagnosed with pseudotumor cerbri, and taking the medicine 1000mg a day",Adverse,
The tingling in my hands face and toes comes and goes,Ineffective,
I have had no more headaches or pressure in my sinuses since the first few weeks of starting it,Effective,
"""I had high pressure in eye after cataract surgery",Adverse,
This lowered the pressure in two days,Effective,
"Made me spacey and I slept a lot but it worked!""",Effective,
"""This medicine helped me so much to relieve some of the pressure in my head and leveled the pressure in my eyes",Effective,
I also have edema of the legs and it gets so bad that at times I retain over 20 lbs of water which slows me down terribly,Adverse,
The pills helped me greatly and kept me active,Effective,
"However my doctor decided to take me off them and put me on Topamax because though the pressures were down, the headaches and pain was still there",Ineffective,
I have gained so much weight because I barely move at times and have not been as active as I once was,Adverse,
My legs and now my abdomen are filled with fluid,Adverse,
Started diamox and it changed my life,Effective,
Within days I was feeling so much relief,Effective,
"Over time, my dose went up and the next move was an LP shunt which has worked wonders for almost 8 years",Effective,
It's starting to fail now so my revision is scheduled and I'm back on diamox in the meantime,Ineffective,
"Yet again, symptoms under control with it",Effective,
"Yes I have weird tingling in my face hands and legs, and I can't drink carbonated beverages, oh well - I'm thankful to be functioning and not nauseous and dizzy and disoriented all day long",Effective,
Diamox is the best thing other than my shunt for this disease,Effective,
"""Miserable! I was tired",Adverse,
"Weak, couldn't stand or walk",Adverse,
"My lips were chapped, burning and the corners of my mouth were red and raw",Adverse,
Food and drink burned when swallowed,Adverse,
Every time I take one of these pills I get a new symptom,Adverse,
My kidney function has been weaker,Adverse,
The pressure in my head continues,Ineffective,
My body aches all over,Adverse,
The yucky taste,Adverse,
Extremely tired and feel like I've been beat,Adverse,
I feel like bricks are laying inside my hips,Adverse,
"This stuff sucks!!""",Adverse,
I experienced extreme tiredness dizziness headaches and had a decrease in appetite,Adverse,
"After about 2 days I noticed numbness and tingling in my hands and feet ringing in my ears a stabbing pressure pain in my eyes and abdominal pain I had to pee every 20-30 min and had extreme diarrhea instantly after every meal, all my bowel movements are diarrhea",Adverse,
"I fluctuate back and forth with the once and twice a day because he will not let me stop taking it and all of the affects still remain after 8 months of treatment but it has decreased the fluid levels on my brain and I lost 30 pounds are the only benefits""",Effective,
"""While there are some side effects, and it doesn't completely eliminate my condition, Diamox has allowed me to live a normal life",Effective,
The soles of my feet were tingling with such intensity they hurt,Adverse,
"Did not last long, then around my mouth started tingling, feels like I ate as mango which I am highly allergic to",Adverse,
"(Basically, part of my brain is squeezing through the opening at the base of the skull where the spinal cord enters, and is putting pressure on the spinal cord - it's a congenital thing in almost all cases, but for me wasn't diagnosed until age 34",Adverse,
"So far it's reduced the severity of my migraines but not their frequency, and hasn't done anything for the pain",Ineffective,
"The tingling is the only side effect that hasn't gone away, and most of the time it doesn't bother me, but sometimes it's intense enough that I feel like I'm suffering oxygen deprivation from hyperventilating - my hands even start to go stiff",Adverse,
"Still, more pros than cons for me",Effective,
"""In the ER for the 2nd time with a horrific headache",Adverse,
I started this medicine in the hospital for two days and can say this is the first time in over 6 months I have not had a headache,Effective,
I can tolerate the tingling and the weird taste carbon has now but that is a minor inconvenience compared to head feeling like its in a world champion soccer game,Effective,
I have lost 11 pounds in that week due to the loss of appetite,Adverse,
Nothing tastes good to me anymore,Adverse,
I urinate every 2 hours minimum,Adverse,
"I get a tingling feeling in my fingers, face and legs",Adverse,
"It has alleviated the headaches though!""",Effective,
Finally this was prescribed as a last attempt since it is not FDA approved to treat headaches and since I have had at least 2 weeks with a headache that is much more improved than before I can actually function most days now,Effective,
"This medication causes me to have severe muscle aches, weakness, fatigue, tingling in hands, feet and face along with nausea but its still better than how I was before",Effective,
"So, the Acetazolamide was very effective in accomplishing its purpose",Effective,
"However, the side effects were miserable, and I was very happy when the doctor said that eye drops would be sufficient going forward",Effective,
"It made me always tired, gave me diarrhea, made my hands and feet tingle almost to the point of pain, and made it so I could not stay warm",Adverse,
So I would sum it up as effective but miserable,Effective,
"It took my pressure away, saved my eyes",Effective,
"But this time around I had horrible side effects: nausea, vomiting, diarrhea, extremely tired, brain fog,weakness",Adverse,
